section,topic,content
1,Introduction to System Design,"System design is a broad and important area of software engineering that focuses on planning, designing, developing, and organizing the different components of a software system so that they can work together efficiently, reliably, securely, and at scale. It is the process of converting a set of business and technical requirements into a complete architecture that explains how the system will function, how its components will communicate, how data will be stored and processed, and how the system will respond to different types of user requests."
2,Importance of System Design,"System design is especially important when building large-scale applications that need to support thousands or millions of users simultaneously, because a system that works well for a small number of users may become slow, unreliable, or completely unavailable when the number of users increases."
3,Functional Requirements,"A well-designed system considers both functional requirements, which describe what the system should do, and non-functional requirements, which describe how well the system should perform. Functional requirements may include features such as user registration, login, searching, uploading files, making payments, sending messages, placing orders, or generating reports."
4,Non-Functional Requirements,"Non-functional requirements may include scalability, availability, reliability, performance, maintainability, security, fault tolerance, and cost efficiency."
5,First Steps in System Design,"One of the first steps in system design is understanding the requirements and identifying the expected number of users, request volume, data size, response-time requirements, and availability expectations. After understanding these requirements, designers select an appropriate architecture and divide the system into smaller components or services, each responsible for a specific task."
6,System Components,"A typical large-scale system may contain clients such as web browsers and mobile applications, application servers, databases, caches, load balancers, message queues, storage systems, authentication services, monitoring systems, and external APIs."
7,Load Balancing,"The client sends a request to the system, and the request may first reach a load balancer, which distributes incoming traffic among multiple servers so that no single server becomes overloaded. Load balancing is therefore an important technique for improving performance, availability, and scalability. The application servers process business logic and communicate with databases or other services when information needs to be retrieved or stored."
8,Databases Overview,"Databases are another fundamental part of system design because almost every modern application needs to store information such as user accounts, products, orders, transactions, messages, images, or activity records. Depending on the requirements, a system may use relational databases such as MySQL or PostgreSQL, NoSQL databases such as MongoDB or Cassandra, or a combination of different database technologies."
9,Relational vs NoSQL Databases,"Relational databases are useful when applications require structured data, relationships between entities, and strong transactional consistency, while NoSQL databases can be useful for applications that require flexible schemas, very large amounts of data, or high scalability."
10,Database Design Decisions,"Database design also involves decisions about indexing, partitioning, replication, normalization, denormalization, backups, and consistency. Indexes can make data retrieval much faster, while database replication can create copies of data on multiple servers to improve availability and read performance. Database partitioning, also known as sharding in some architectures, divides large datasets across multiple machines so that the system can handle more data and traffic."
11,Caching,"Another important concept in system design is caching. A cache stores frequently accessed data in a faster storage layer so that the system does not need to repeatedly retrieve the same information from a slower database or external service. Caching can significantly reduce response time and database load, especially for applications where the same information is requested frequently. However, caching also introduces challenges such as cache expiration, cache invalidation, stale data, and consistency between cached information and the primary database."
12,Message Queues,"Another important component is a message queue, which allows different parts of a system to communicate asynchronously. Instead of requiring one service to wait for another service to finish processing a task, the first service can place a message in a queue and continue its work while another service processes the message later. This approach is useful for tasks such as sending emails, processing payments, generating reports, processing images, handling notifications, and performing large background jobs. Message queues can also help absorb sudden increases in traffic and prevent individual services from becoming overloaded."
13,Distributed Systems,"Modern systems frequently use distributed architectures in which different components run on multiple machines or across multiple geographical locations. Distributed systems provide scalability and fault tolerance but also introduce challenges because communication between machines can fail, networks can become slow, data may become temporarily inconsistent, and individual servers can stop working. A good system design therefore needs to consider failure scenarios and provide mechanisms for detecting failures, retrying operations, redirecting traffic, replicating data, and recovering from outages."
14,Fault Tolerance,"Fault tolerance is the ability of a system to continue operating even when some of its components fail. High availability is another important goal, especially for applications such as banking platforms, online stores, communication systems, and cloud services where downtime can cause significant financial or operational problems. Designers may use redundant servers, replicated databases, multiple availability zones, automatic failover, health checks, and backup systems to improve availability."
15,Scalability,"Scalability refers to the ability of a system to handle increasing workloads without unacceptable degradation in performance. There are two major approaches to scalability: vertical scaling and horizontal scaling. Vertical scaling involves increasing the resources of an existing machine, such as adding more CPU, RAM, or storage, while horizontal scaling involves adding more machines or service instances. Horizontal scaling is often preferred for large distributed applications because it allows systems to handle growing traffic by adding additional servers."
16,Security,"Security must also be considered at every level of system design. Applications should protect sensitive information through authentication, authorization, encryption, secure communication, input validation, access controls, and proper secret management. Authentication determines who a user is, while authorization determines what that user is allowed to do. Secure communication protocols such as HTTPS help protect data while it travels between clients and servers. Sensitive data should also be protected when stored, and systems should follow appropriate security practices to reduce risks such as unauthorized access, data leakage, injection attacks, account compromise, and abuse of APIs."
17,Observability,"System designers must also think about observability because a system that cannot be monitored effectively is difficult to operate and troubleshoot. Observability commonly includes logs, metrics, traces, alerts, dashboards, and health checks. Logs provide detailed information about events occurring inside the system, metrics provide numerical information about performance and resource usage, and distributed tracing helps developers understand how a request moves through multiple services. Monitoring can help teams detect problems before they become major incidents and can provide valuable information when diagnosing failures."
18,API Design,"Another important concept is API design. APIs allow different software components to communicate with each other using well-defined interfaces. A good API should be consistent, secure, understandable, and designed to support future changes without unnecessarily breaking existing clients. System designers may choose technologies and communication styles such as REST, GraphQL, gRPC, WebSockets, or event-driven communication depending on the requirements."
19,Microservices Architecture,"Microservices architecture is another commonly discussed approach in system design. In a microservices architecture, a large application is divided into smaller, independently deployable services, with each service responsible for a particular business capability. For example, an online shopping platform might have separate services for users, products, orders, payments, inventory, shipping, and notifications. Microservices can make large systems easier to scale and allow teams to develop and deploy components independently, but they also increase architectural complexity because services must communicate over networks and failures can occur between them."
20,Monolithic Architecture,"An alternative approach is a monolithic architecture, where most or all application functionality is contained within a single deployable application. Monolithic systems can be easier to develop and operate initially, while larger systems may eventually benefit from splitting certain responsibilities into separate services. Choosing between monolithic and microservices architectures depends on factors such as application size, team structure, scalability requirements, deployment needs, and operational complexity."
21,Consistency and Availability,"System design also involves making decisions about consistency and availability. In distributed systems, it may not always be possible to guarantee that every copy of data is updated at exactly the same moment. Some applications require strong consistency, where users must immediately see the latest version of data, while others can tolerate eventual consistency, where different copies of data may temporarily differ but eventually become synchronized. For example, a financial transaction system may require strong consistency for certain operations, whereas a social media feed may tolerate small delays in updating information."
22,Performance Optimization,"Performance optimization is another major part of system design. Designers need to consider response time, throughput, CPU usage, memory consumption, network bandwidth, database performance, and storage efficiency. Performance can often be improved through caching, indexing, database optimization, asynchronous processing, compression, content delivery networks, connection pooling, and efficient algorithms."
23,CDN and Rate Limiting,"A Content Delivery Network, or CDN, can store and serve static content such as images, videos, JavaScript files, and stylesheets from locations closer to users, reducing network latency and improving page-loading speed. Rate limiting is also useful in large systems because it controls how many requests a user or client can make within a certain period. This protects services from accidental overload, abuse, and certain types of automated attacks."
24,Data Storage and Backup,"Another important design consideration is data storage. Modern applications may need to store structured records, large files, images, videos, documents, backups, and logs. Object storage systems are commonly used for large files because they can scale to enormous amounts of data. Data lifecycle management may also be required to move older or less frequently accessed information to cheaper storage. Backup and disaster recovery strategies are essential because hardware failures, software bugs, human mistakes, security incidents, and natural disasters can cause data loss or service interruption. A disaster recovery plan defines how systems and data can be restored after a major failure."
25,Cost Considerations,"System design also requires careful consideration of cost. A technically powerful architecture may not be practical if it is unnecessarily expensive to operate. Designers must balance performance, reliability, scalability, security, and operational requirements against infrastructure and development costs. Cloud platforms have made it easier to dynamically allocate computing resources and use managed databases, storage, networking, monitoring, and other services. However, cloud architecture still requires careful planning because excessive resource usage, inefficient data transfer, and unnecessary services can increase operational expenses."
26,Trade-offs in System Design,"System design is not simply about selecting technologies; it is about making appropriate trade-offs based on the requirements and constraints of the application. Every design decision can have advantages and disadvantages. Increasing replication may improve availability but increase storage costs. Stronger consistency may simplify certain business operations but reduce performance or scalability. More caching may improve response times but create data freshness problems. Microservices may improve independent scalability but increase operational complexity. Asynchronous processing may improve responsiveness but make workflows harder to reason about. Therefore, a good system designer must understand these trade-offs and select an architecture that best fits the problem."
27,Applications of System Design,"System design is widely used in the development of applications such as e-commerce platforms, social networking websites, online banking systems, video streaming platforms, ride-sharing applications, food delivery services, search engines, messaging applications, cloud storage platforms, online education systems, and enterprise software."
28,Goal of System Design,"Learning system design helps software engineers understand how large applications are built and how different technologies work together to provide reliable services to users. It also develops the ability to break complicated problems into smaller components, identify bottlenecks, predict potential failures, select suitable technologies, and design systems that can evolve over time. Ultimately, the goal of system design is to create a system that satisfies its users and business requirements while remaining reliable, secure, scalable, maintainable, efficient, and cost-effective. A strong system design does not attempt to make every component perfect; instead, it creates a practical architecture that can handle expected workloads, recover from failures, adapt to changing requirements, and continue providing useful services as the application and number of users grow."
